foramtype,count,mean,std,min,max
G. bulloides,291.0,13.554058746783594,6.87549097193278,1.8433898687362669,29.55580711364746
G. ruber pink,143.0,24.39161554083124,3.1869547847905975,17.404043197631836,28.061471939086914
G. ruber white,434.0,24.953324572831256,3.877784514975095,10.91064167022705,29.55580711364746
G. sacculifer,243.0,24.476573061060023,4.040580795502463,10.636134147644043,29.55580711364746
N. incompta,90.0,11.475131310356987,4.676043251976749,2.6319024562835693,19.580001831054688
N. pachyderma sinistral,273.0,6.083500529233461,4.331277950574478,0.0514366626739502,21.383981704711914
